epochs,accuracy_train,accuracy_test
0,0.8591395,0.83664143
1,0.98444235,0.86609656
2,0.99204266,0.8682436
3,0.9924507,0.8876723
6,0.994236,0.8999905
