epochs,loss_train,loss_test
1,0.6389181765262038,
2,0.180866620503366,
