epochs,accuracy_train,accuracy_test
0,0.79846466,0.8528453
1,0.98339665,0.9100909
3,0.99668443,0.9107193
4,0.9969905,0.91610205
8,0.99852073,0.9373797
