epochs,loss_train,loss_test
0,0.41676077508970755,0.14276068893289476
